"filename", "language", "Python", "JSON", "Markdown", "pip requirements", "toml", "YAML", "C++", "C", "Batch", "Shell Script", "hex", "Makefile", "Database", "Rust", "ARM", "Docker", "XML", "comment", "blank", "total"
"e:\C&C++\project\aliyun\Makefile", "Makefile", 0, 0, 0, 0, 0, 0, 0, 0, 0, 0, 0, 9, 0, 0, 0, 0, 0, 6, 7, 22
"e:\C&C++\project\aliyun\images.db", "Database", 0, 0, 0, 0, 0, 0, 0, 0, 0, 0, 0, 0, 5, 0, 0, 0, 0, 0, 0, 5
"e:\C&C++\project\aliyun\mqtt.c", "C", 0, 0, 0, 0, 0, 0, 0, 124, 0, 0, 0, 0, 0, 0, 0, 0, 0, 8, 31, 163
"e:\C&C++\project\aliyun\server\src\main.rs", "Rust", 0, 0, 0, 0, 0, 0, 0, 0, 0, 0, 0, 0, 0, 114, 0, 0, 0, 2, 14, 130
"e:\C&C++\project\best.pt", "XML", 0, 0, 0, 0, 0, 0, 0, 0, 0, 0, 0, 0, 0, 0, 0, 0, 87547, 0, 321, 87868
"e:\C&C++\project\data_detail\copy_files.py", "Python", 14, 0, 0, 0, 0, 0, 0, 0, 0, 0, 0, 0, 0, 0, 0, 0, 0, 8, 8, 30
"e:\C&C++\project\data_detail\get_train_txt.py", "Python", 11, 0, 0, 0, 0, 0, 0, 0, 0, 0, 0, 0, 0, 0, 0, 0, 0, 3, 6, 20
"e:\C&C++\project\data_detail\get_val_txt.py", "Python", 11, 0, 0, 0, 0, 0, 0, 0, 0, 0, 0, 0, 0, 0, 0, 0, 0, 4, 4, 19
"e:\C&C++\project\data_get\btoi.py", "Python", 36, 0, 0, 0, 0, 0, 0, 0, 0, 0, 0, 0, 0, 0, 0, 0, 0, 7, 15, 58
"e:\C&C++\project\data_get\imagesget.py", "Python", 68, 0, 0, 0, 0, 0, 0, 0, 0, 0, 0, 0, 0, 0, 0, 0, 0, 10, 26, 104
"e:\C&C++\project\data_get\imageshow.py", "Python", 75, 0, 0, 0, 0, 0, 0, 0, 0, 0, 0, 0, 0, 0, 0, 0, 0, 13, 30, 118
"e:\C&C++\project\data_get\serial_an.py", "Python", 35, 0, 0, 0, 0, 0, 0, 0, 0, 0, 0, 0, 0, 0, 0, 0, 0, 3, 10, 48
"e:\C&C++\project\data_get\test.py", "Python", 39, 0, 0, 0, 0, 0, 0, 0, 0, 0, 0, 0, 0, 0, 0, 0, 0, 4, 13, 56
"e:\C&C++\project\rasp\.clang-format", "YAML", 0, 0, 0, 0, 0, 5, 0, 0, 0, 0, 0, 0, 0, 0, 0, 0, 0, 0, 2, 7
"e:\C&C++\project\rasp\Makefile", "Makefile", 0, 0, 0, 0, 0, 0, 0, 0, 0, 0, 0, 9, 0, 0, 0, 0, 0, 6, 7, 22
"e:\C&C++\project\rasp\best.pt", "XML", 0, 0, 0, 0, 0, 0, 0, 0, 0, 0, 0, 0, 0, 0, 0, 0, 87547, 0, 321, 87868
"e:\C&C++\project\rasp\client.cpp", "C++", 0, 0, 0, 0, 0, 0, 301, 0, 0, 0, 0, 0, 0, 0, 0, 0, 0, 21, 40, 362
"e:\C&C++\project\rasp\driver.c", "C", 0, 0, 0, 0, 0, 0, 0, 226, 0, 0, 0, 0, 0, 0, 0, 0, 0, 33, 71, 330
"e:\C&C++\project\rasp\imagesget.py", "Python", 92, 0, 0, 0, 0, 0, 0, 0, 0, 0, 0, 0, 0, 0, 0, 0, 0, 15, 29, 136
"e:\C&C++\project\sample\fire.yaml", "YAML", 0, 0, 0, 0, 0, 4, 0, 0, 0, 0, 0, 0, 0, 0, 0, 0, 0, 3, 2, 9
"e:\C&C++\project\stm32\Drivers\BSP\BEEP\beep.c", "C", 0, 0, 0, 0, 0, 0, 0, 12, 0, 0, 0, 0, 0, 0, 0, 0, 0, 5, 12, 29
"e:\C&C++\project\stm32\Drivers\BSP\BEEP\beep.h", "C++", 0, 0, 0, 0, 0, 0, 13, 0, 0, 0, 0, 0, 0, 0, 0, 0, 0, 28, 27, 68
"e:\C&C++\project\stm32\Drivers\BSP\DHT11\dht11.c", "C", 0, 0, 0, 0, 0, 0, 0, 103, 0, 0, 0, 0, 0, 0, 0, 0, 0, 58, 50, 211
"e:\C&C++\project\stm32\Drivers\BSP\DHT11\dht11.h", "C++", 0, 0, 0, 0, 0, 0, 15, 0, 0, 0, 0, 0, 0, 0, 0, 0, 0, 27, 26, 68
"e:\C&C++\project\stm32\Drivers\BSP\DMA\dma.c", "C", 0, 0, 0, 0, 0, 0, 0, 25, 0, 0, 0, 0, 0, 0, 0, 0, 0, 34, 31, 90
"e:\C&C++\project\stm32\Drivers\BSP\DMA\dma.h", "C++", 0, 0, 0, 0, 0, 0, 5, 0, 0, 0, 0, 0, 0, 0, 0, 0, 0, 23, 35, 63
"e:\C&C++\project\stm32\Drivers\BSP\ESP8266\esp8266.c", "C", 0, 0, 0, 0, 0, 0, 0, 419, 0, 0, 0, 0, 0, 0, 0, 0, 0, 159, 69, 647
"e:\C&C++\project\stm32\Drivers\BSP\ESP8266\esp8266.h", "C++", 0, 0, 0, 0, 0, 0, 58, 0, 0, 0, 0, 0, 0, 0, 0, 0, 0, 6, 15, 79
"e:\C&C++\project\stm32\Drivers\BSP\EXTI\exti.c", "C", 0, 0, 0, 0, 0, 0, 0, 119, 0, 0, 0, 0, 0, 0, 0, 0, 0, 45, 33, 197
"e:\C&C++\project\stm32\Drivers\BSP\EXTI\exti.h", "C++", 0, 0, 0, 0, 0, 0, 28, 0, 0, 0, 0, 0, 0, 0, 0, 0, 0, 31, 38, 97
"e:\C&C++\project\stm32\Drivers\BSP\KEY\key.c", "C", 0, 0, 0, 0, 0, 0, 0, 50, 0, 0, 0, 0, 0, 0, 0, 0, 0, 18, 37, 105
"e:\C&C++\project\stm32\Drivers\BSP\KEY\key.h", "C++", 0, 0, 0, 0, 0, 0, 26, 0, 0, 0, 0, 0, 0, 0, 0, 0, 0, 26, 32, 84
"e:\C&C++\project\stm32\Drivers\BSP\LCD\lcd.c", "C", 0, 0, 0, 0, 0, 0, 0, 845, 0, 0, 0, 0, 0, 0, 0, 0, 0, 223, 168, 1236
"e:\C&C++\project\stm32\Drivers\BSP\LCD\lcd.h", "C++", 0, 0, 0, 0, 0, 0, 114, 0, 0, 0, 0, 0, 0, 0, 0, 0, 0, 87, 58, 259
"e:\C&C++\project\stm32\Drivers\BSP\LCD\lcd_ex.c", "C", 0, 0, 0, 0, 0, 0, 0, 1478, 0, 0, 0, 0, 0, 0, 0, 0, 0, 86, 136, 1700
"e:\C&C++\project\stm32\Drivers\BSP\LCD\lcdfont.h", "C++", 0, 0, 0, 0, 0, 0, 391, 0, 0, 0, 0, 0, 0, 0, 0, 0, 0, 36, 29, 456
"e:\C&C++\project\stm32\Drivers\BSP\LED\led.c", "C", 0, 0, 0, 0, 0, 0, 0, 16, 0, 0, 0, 0, 0, 0, 0, 0, 0, 5, 8, 29
"e:\C&C++\project\stm32\Drivers\BSP\LED\led.h", "C++", 0, 0, 0, 0, 0, 0, 21, 0, 0, 0, 0, 0, 0, 0, 0, 0, 0, 30, 11, 62
"e:\C&C++\project\stm32\Drivers\BSP\OV7725\ov7725.c", "C", 0, 0, 0, 0, 0, 0, 0, 299, 0, 0, 0, 0, 0, 0, 0, 0, 0, 65, 77, 441
"e:\C&C++\project\stm32\Drivers\BSP\OV7725\ov7725.h", "C++", 0, 0, 0, 0, 0, 0, 58, 0, 0, 0, 0, 0, 0, 0, 0, 0, 0, 33, 50, 141
"e:\C&C++\project\stm32\Drivers\BSP\OV7725\ov7725cfg.h", "C++", 0, 0, 0, 0, 0, 0, 221, 0, 0, 0, 0, 0, 0, 0, 0, 0, 0, 34, 32, 287
"e:\C&C++\project\stm32\Drivers\BSP\OV7725\sccb.c", "C", 0, 0, 0, 0, 0, 0, 0, 113, 0, 0, 0, 0, 0, 0, 0, 0, 0, 37, 35, 185
"e:\C&C++\project\stm32\Drivers\BSP\OV7725\sccb.h", "C++", 0, 0, 0, 0, 0, 0, 30, 0, 0, 0, 0, 0, 0, 0, 0, 0, 0, 28, 29, 87
"e:\C&C++\project\stm32\Drivers\BSP\SPI\spi.c", "C", 0, 0, 0, 0, 0, 0, 0, 54, 0, 0, 0, 0, 0, 0, 0, 0, 0, 28, 14, 96
"e:\C&C++\project\stm32\Drivers\BSP\SPI\spi.h", "C++", 0, 0, 0, 0, 0, 0, 26, 0, 0, 0, 0, 0, 0, 0, 0, 0, 0, 28, 39, 93
"e:\C&C++\project\stm32\Drivers\BSP\SRAM\sram.c", "C", 0, 0, 0, 0, 0, 0, 0, 91, 0, 0, 0, 0, 0, 0, 0, 0, 0, 36, 21, 148
"e:\C&C++\project\stm32\Drivers\BSP\SRAM\sram.h", "C++", 0, 0, 0, 0, 0, 0, 24, 0, 0, 0, 0, 0, 0, 0, 0, 0, 0, 42, 17, 83
"e:\C&C++\project\stm32\Drivers\BSP\TIMER\atim.c", "C", 0, 0, 0, 0, 0, 0, 0, 266, 0, 0, 0, 0, 0, 0, 0, 0, 0, 225, 93, 584
"e:\C&C++\project\stm32\Drivers\BSP\TIMER\atim.h", "C++", 0, 0, 0, 0, 0, 0, 65, 0, 0, 0, 0, 0, 0, 0, 0, 0, 0, 72, 47, 184
"e:\C&C++\project\stm32\Drivers\BSP\TIMER\btim.c", "C", 0, 0, 0, 0, 0, 0, 0, 27, 0, 0, 0, 0, 0, 0, 0, 0, 0, 22, 21, 70
"e:\C&C++\project\stm32\Drivers\BSP\TIMER\btim.h", "C++", 0, 0, 0, 0, 0, 0, 9, 0, 0, 0, 0, 0, 0, 0, 0, 0, 0, 30, 26, 65
"e:\C&C++\project\stm32\Drivers\BSP\TIMER\gtim.c", "C", 0, 0, 0, 0, 0, 0, 0, 177, 0, 0, 0, 0, 0, 0, 0, 0, 0, 175, 58, 410
"e:\C&C++\project\stm32\Drivers\BSP\TIMER\gtim.h", "C++", 0, 0, 0, 0, 0, 0, 41, 0, 0, 0, 0, 0, 0, 0, 0, 0, 0, 62, 40, 143
"e:\C&C++\project\stm32\Drivers\CMSIS\Device\ST\STM32F1xx\Include\stm32f103xe.h", "C++", 0, 0, 0, 0, 0, 0, 9997, 0, 0, 0, 0, 0, 0, 0, 0, 0, 0, 779, 986, 11762
"e:\C&C++\project\stm32\Drivers\CMSIS\Device\ST\STM32F1xx\Include\stm32f1xx.h", "C++", 0, 0, 0, 0, 0, 0, 98, 0, 0, 0, 0, 0, 0, 0, 0, 0, 0, 83, 40, 221
"e:\C&C++\project\stm32\Drivers\CMSIS\Device\ST\STM32F1xx\Include\system_stm32f1xx.h", "C++", 0, 0, 0, 0, 0, 0, 14, 0, 0, 0, 0, 0, 0, 0, 0, 0, 0, 64, 21, 99
"e:\C&C++\project\stm32\Drivers\CMSIS\Device\ST\STM32F1xx\Source\Templates\arm\startup_stm32f103xe.s", "ARM", 0, 0, 0, 0, 0, 0, 0, 0, 0, 0, 0, 0, 0, 0, 325, 0, 0, 0, 32, 357
"e:\C&C++\project\stm32\Drivers\CMSIS\Device\ST\STM32F1xx\Source\Templates\system_stm32f1xx.c", "C", 0, 0, 0, 0, 0, 0, 0, 141, 0, 0, 0, 0, 0, 0, 0, 0, 0, 210, 58, 409
"e:\C&C++\project\stm32\Drivers\CMSIS\Include\cmsis_armcc.h", "C++", 0, 0, 0, 0, 0, 0, 380, 0, 0, 0, 0, 0, 0, 0, 0, 0, 0, 353, 133, 866
"e:\C&C++\project\stm32\Drivers\CMSIS\Include\cmsis_armclang.h", "C++", 0, 0, 0, 0, 0, 0, 940, 0, 0, 0, 0, 0, 0, 0, 0, 0, 0, 585, 345, 1870
"e:\C&C++\project\stm32\Drivers\CMSIS\Include\cmsis_compiler.h", "C++", 0, 0, 0, 0, 0, 0, 194, 0, 0, 0, 0, 0, 0, 0, 0, 0, 0, 49, 25, 268
"e:\C&C++\project\stm32\Drivers\CMSIS\Include\cmsis_version.h", "C++", 0, 0, 0, 0, 0, 0, 13, 0, 0, 0, 0, 0, 0, 0, 0, 0, 0, 23, 4, 40
"e:\C&C++\project\stm32\Drivers\CMSIS\Include\core_cm3.h", "C++", 0, 0, 0, 0, 0, 0, 1052, 0, 0, 0, 0, 0, 0, 0, 0, 0, 0, 470, 420, 1942
"e:\C&C++\project\stm32\Drivers\CMSIS\Include\mpu_armv7.h", "C++", 0, 0, 0, 0, 0, 0, 120, 0, 0, 0, 0, 0, 0, 0, 0, 0, 0, 125, 26, 271
"e:\C&C++\project\stm32\Drivers\STM32F1xx_HAL_Driver\Inc\Legacy\stm32_hal_legacy.h", "C++", 0, 0, 0, 0, 0, 0, 2851, 0, 0, 0, 0, 0, 0, 0, 0, 0, 0, 557, 376, 3784
"e:\C&C++\project\stm32\Drivers\STM32F1xx_HAL_Driver\Inc\Legacy\stm32f1xx_hal_can_ex_legacy.h", "C++", 0, 0, 0, 0, 0, 0, 35, 0, 0, 0, 0, 0, 0, 0, 0, 0, 0, 66, 28, 129
"e:\C&C++\project\stm32\Drivers\STM32F1xx_HAL_Driver\Inc\Legacy\stm32f1xx_hal_can_legacy.h", "C++", 0, 0, 0, 0, 0, 0, 265, 0, 0, 0, 0, 0, 0, 0, 0, 0, 0, 417, 115, 797
"e:\C&C++\project\stm32\Drivers\STM32F1xx_HAL_Driver\Inc\stm32_assert_template.h", "C++", 0, 0, 0, 0, 0, 0, 15, 0, 0, 0, 0, 0, 0, 0, 0, 0, 0, 35, 8, 58
"e:\C&C++\project\stm32\Drivers\STM32F1xx_HAL_Driver\Inc\stm32f1xx_hal.h", "C++", 0, 0, 0, 0, 0, 0, 130, 0, 0, 0, 0, 0, 0, 0, 0, 0, 0, 184, 45, 359
"e:\C&C++\project\stm32\Drivers\STM32F1xx_HAL_Driver\Inc\stm32f1xx_hal_adc.h", "C++", 0, 0, 0, 0, 0, 0, 375, 0, 0, 0, 0, 0, 0, 0, 0, 0, 0, 494, 135, 1004
"e:\C&C++\project\stm32\Drivers\STM32F1xx_HAL_Driver\Inc\stm32f1xx_hal_adc_ex.h", "C++", 0, 0, 0, 0, 0, 0, 322, 0, 0, 0, 0, 0, 0, 0, 0, 0, 0, 299, 90, 711
"e:\C&C++\project\stm32\Drivers\STM32F1xx_HAL_Driver\Inc\stm32f1xx_hal_can.h", "C++", 0, 0, 0, 0, 0, 0, 348, 0, 0, 0, 0, 0, 0, 0, 0, 0, 0, 374, 129, 851
"e:\C&C++\project\stm32\Drivers\STM32F1xx_HAL_Driver\Inc\stm32f1xx_hal_cec.h", "C++", 0, 0, 0, 0, 0, 0, 160, 0, 0, 0, 0, 0, 0, 0, 0, 0, 0, 319, 74, 553
"e:\C&C++\project\stm32\Drivers\STM32F1xx_HAL_Driver\Inc\stm32f1xx_hal_conf_template.h", "C++", 0, 0, 0, 0, 0, 0, 237, 0, 0, 0, 0, 0, 0, 0, 0, 0, 0, 90, 73, 400
"e:\C&C++\project\stm32\Drivers\STM32F1xx_HAL_Driver\Inc\stm32f1xx_hal_cortex.h", "C++", 0, 0, 0, 0, 0, 0, 182, 0, 0, 0, 0, 0, 0, 0, 0, 0, 0, 174, 55, 411
"e:\C&C++\project\stm32\Drivers\STM32F1xx_HAL_Driver\Inc\stm32f1xx_hal_crc.h", "C++", 0, 0, 0, 0, 0, 0, 35, 0, 0, 0, 0, 0, 0, 0, 0, 0, 0, 117, 33, 185
"e:\C&C++\project\stm32\Drivers\STM32F1xx_HAL_Driver\Inc\stm32f1xx_hal_dac.h", "C++", 0, 0, 0, 0, 0, 0, 143, 0, 0, 0, 0, 0, 0, 0, 0, 0, 0, 223, 86, 452
"e:\C&C++\project\stm32\Drivers\STM32F1xx_HAL_Driver\Inc\stm32f1xx_hal_dac_ex.h", "C++", 0, 0, 0, 0, 0, 0, 125, 0, 0, 0, 0, 0, 0, 0, 0, 0, 0, 107, 46, 278
"e:\C&C++\project\stm32\Drivers\STM32F1xx_HAL_Driver\Inc\stm32f1xx_hal_def.h", "C++", 0, 0, 0, 0, 0, 0, 106, 0, 0, 0, 0, 0, 0, 0, 0, 0, 0, 77, 28, 211
"e:\C&C++\project\stm32\Drivers\STM32F1xx_HAL_Driver\Inc\stm32f1xx_hal_dma.h", "C++", 0, 0, 0, 0, 0, 0, 150, 0, 0, 0, 0, 0, 0, 0, 0, 0, 0, 226, 82, 458
"e:\C&C++\project\stm32\Drivers\STM32F1xx_HAL_Driver\Inc\stm32f1xx_hal_dma_ex.h", "C++", 0, 0, 0, 0, 0, 0, 106, 0, 0, 0, 0, 0, 0, 0, 0, 0, 0, 142, 30, 278
"e:\C&C++\project\stm32\Drivers\STM32F1xx_HAL_Driver\Inc\stm32f1xx_hal_eth.h", "C++", 0, 0, 0, 0, 0, 0, 805, 0, 0, 0, 0, 0, 0, 0, 0, 0, 0, 1055, 286, 2146
"e:\C&C++\project\stm32\Drivers\STM32F1xx_HAL_Driver\Inc\stm32f1xx_hal_exti.h", "C++", 0, 0, 0, 0, 0, 0, 130, 0, 0, 0, 0, 0, 0, 0, 0, 0, 0, 147, 44, 321
"e:\C&C++\project\stm32\Drivers\STM32F1xx_HAL_Driver\Inc\stm32f1xx_hal_flash.h", "C++", 0, 0, 0, 0, 0, 0, 77, 0, 0, 0, 0, 0, 0, 0, 0, 0, 0, 188, 64, 329
"e:\C&C++\project\stm32\Drivers\STM32F1xx_HAL_Driver\Inc\stm32f1xx_hal_flash_ex.h", "C++", 0, 0, 0, 0, 0, 0, 333, 0, 0, 0, 0, 0, 0, 0, 0, 0, 0, 333, 121, 787
"e:\C&C++\project\stm32\Drivers\STM32F1xx_HAL_Driver\Inc\stm32f1xx_hal_gpio.h", "C++", 0, 0, 0, 0, 0, 0, 91, 0, 0, 0, 0, 0, 0, 0, 0, 0, 0, 172, 46, 309
"e:\C&C++\project\stm32\Drivers\STM32F1xx_HAL_Driver\Inc\stm32f1xx_hal_gpio_ex.h", "C++", 0, 0, 0, 0, 0, 0, 223, 0, 0, 0, 0, 0, 0, 0, 0, 0, 0, 534, 138, 895
"e:\C&C++\project\stm32\Drivers\STM32F1xx_HAL_Driver\Inc\stm32f1xx_hal_hcd.h", "C++", 0, 0, 0, 0, 0, 0, 121, 0, 0, 0, 0, 0, 0, 0, 0, 0, 0, 143, 45, 309
"e:\C&C++\project\stm32\Drivers\STM32F1xx_HAL_Driver\Inc\stm32f1xx_hal_i2c.h", "C++", 0, 0, 0, 0, 0, 0, 284, 0, 0, 0, 0, 0, 0, 0, 0, 0, 0, 349, 108, 741
"e:\C&C++\project\stm32\Drivers\STM32F1xx_HAL_Driver\Inc\stm32f1xx_hal_i2s.h", "C++", 0, 0, 0, 0, 0, 0, 204, 0, 0, 0, 0, 0, 0, 0, 0, 0, 0, 274, 79, 557
"e:\C&C++\project\stm32\Drivers\STM32F1xx_HAL_Driver\Inc\stm32f1xx_hal_irda.h", "C++", 0, 0, 0, 0, 0, 0, 205, 0, 0, 0, 0, 0, 0, 0, 0, 0, 0, 370, 98, 673
"e:\C&C++\project\stm32\Drivers\STM32F1xx_HAL_Driver\Inc\stm32f1xx_hal_iwdg.h", "C++", 0, 0, 0, 0, 0, 0, 45, 0, 0, 0, 0, 0, 0, 0, 0, 0, 0, 137, 45, 227
"e:\C&C++\project\stm32\Drivers\STM32F1xx_HAL_Driver\Inc\stm32f1xx_hal_mmc.h", "C++", 0, 0, 0, 0, 0, 0, 240, 0, 0, 0, 0, 0, 0, 0, 0, 0, 0, 406, 100, 746
"e:\C&C++\project\stm32\Drivers\STM32F1xx_HAL_Driver\Inc\stm32f1xx_hal_nand.h", "C++", 0, 0, 0, 0, 0, 0, 147, 0, 0, 0, 0, 0, 0, 0, 0, 0, 0, 159, 75, 381
"e:\C&C++\project\stm32\Drivers\STM32F1xx_HAL_Driver\Inc\stm32f1xx_hal_nor.h", "C++", 0, 0, 0, 0, 0, 0, 124, 0, 0, 0, 0, 0, 0, 0, 0, 0, 0, 149, 57, 330
"e:\C&C++\project\stm32\Drivers\STM32F1xx_HAL_Driver\Inc\stm32f1xx_hal_pccard.h", "C++", 0, 0, 0, 0, 0, 0, 136, 0, 0, 0, 0, 0, 0, 0, 0, 0, 0, 107, 42, 285
"e:\C&C++\project\stm32\Drivers\STM32F1xx_HAL_Driver\Inc\stm32f1xx_hal_pcd.h", "C++", 0, 0, 0, 0, 0, 0, 567, 0, 0, 0, 0, 0, 0, 0, 0, 0, 0, 353, 132, 1052
"e:\C&C++\project\stm32\Drivers\STM32F1xx_HAL_Driver\Inc\stm32f1xx_hal_pcd_ex.h", "C++", 0, 0, 0, 0, 0, 0, 23, 0, 0, 0, 0, 0, 0, 0, 0, 0, 0, 49, 17, 89
"e:\C&C++\project\stm32\Drivers\STM32F1xx_HAL_Driver\Inc\stm32f1xx_hal_pwr.h", "C++", 0, 0, 0, 0, 0, 0, 86, 0, 0, 0, 0, 0, 0, 0, 0, 0, 0, 214, 89, 389
"e:\C&C++\project\stm32\Drivers\STM32F1xx_HAL_Driver\Inc\stm32f1xx_hal_rcc.h", "C++", 0, 0, 0, 0, 0, 0, 510, 0, 0, 0, 0, 0, 0, 0, 0, 0, 0, 677, 192, 1379
"e:\C&C++\project\stm32\Drivers\STM32F1xx_HAL_Driver\Inc\stm32f1xx_hal_rcc_ex.h", "C++", 0, 0, 0, 0, 0, 0, 1114, 0, 0, 0, 0, 0, 0, 0, 0, 0, 0, 494, 301, 1909
"e:\C&C++\project\stm32\Drivers\STM32F1xx_HAL_Driver\Inc\stm32f1xx_hal_rtc.h", "C++", 0, 0, 0, 0, 0, 0, 181, 0, 0, 0, 0, 0, 0, 0, 0, 0, 0, 322, 105, 608
"e:\C&C++\project\stm32\Drivers\STM32F1xx_HAL_Driver\Inc\stm32f1xx_hal_rtc_ex.h", "C++", 0, 0, 0, 0, 0, 0, 104, 0, 0, 0, 0, 0, 0, 0, 0, 0, 0, 251, 58, 413
"e:\C&C++\project\stm32\Drivers\STM32F1xx_HAL_Driver\Inc\stm32f1xx_hal_sd.h", "C++", 0, 0, 0, 0, 0, 0, 255, 0, 0, 0, 0, 0, 0, 0, 0, 0, 0, 405, 103, 763
"e:\C&C++\project\stm32\Drivers\STM32F1xx_HAL_Driver\Inc\stm32f1xx_hal_smartcard.h", "C++", 0, 0, 0, 0, 0, 0, 237, 0, 0, 0, 0, 0, 0, 0, 0, 0, 0, 410, 99, 746
"e:\C&C++\project\stm32\Drivers\STM32F1xx_HAL_Driver\Inc\stm32f1xx_hal_spi.h", "C++", 0, 0, 0, 0, 0, 0, 241, 0, 0, 0, 0, 0, 0, 0, 0, 0, 0, 389, 102, 732
"e:\C&C++\project\stm32\Drivers\STM32F1xx_HAL_Driver\Inc\stm32f1xx_hal_sram.h", "C++", 0, 0, 0, 0, 0, 0, 92, 0, 0, 0, 0, 0, 0, 0, 0, 0, 0, 100, 44, 236
"e:\C&C++\project\stm32\Drivers\STM32F1xx_HAL_Driver\Inc\stm32f1xx_hal_tim.h", "C++", 0, 0, 0, 0, 0, 0, 925, 0, 0, 0, 0, 0, 0, 0, 0, 0, 0, 964, 235, 2124
"e:\C&C++\project\stm32\Drivers\STM32F1xx_HAL_Driver\Inc\stm32f1xx_hal_tim_ex.h", "C++", 0, 0, 0, 0, 0, 0, 61, 0, 0, 0, 0, 0, 0, 0, 0, 0, 0, 161, 41, 263
"e:\C&C++\project\stm32\Drivers\STM32F1xx_HAL_Driver\Inc\stm32f1xx_hal_uart.h", "C++", 0, 0, 0, 0, 0, 0, 275, 0, 0, 0, 0, 0, 0, 0, 0, 0, 0, 478, 100, 853
"e:\C&C++\project\stm32\Drivers\STM32F1xx_HAL_Driver\Inc\stm32f1xx_hal_usart.h", "C++", 0, 0, 0, 0, 0, 0, 217, 0, 0, 0, 0, 0, 0, 0, 0, 0, 0, 331, 98, 646
"e:\C&C++\project\stm32\Drivers\STM32F1xx_HAL_Driver\Inc\stm32f1xx_hal_wwdg.h", "C++", 0, 0, 0, 0, 0, 0, 72, 0, 0, 0, 0, 0, 0, 0, 0, 0, 0, 176, 54, 302
"e:\C&C++\project\stm32\Drivers\STM32F1xx_HAL_Driver\Inc\stm32f1xx_ll_adc.h", "C++", 0, 0, 0, 0, 0, 0, 874, 0, 0, 0, 0, 0, 0, 0, 0, 0, 0, 2796, 263, 3933
"e:\C&C++\project\stm32\Drivers\STM32F1xx_HAL_Driver\Inc\stm32f1xx_ll_bus.h", "C++", 0, 0, 0, 0, 0, 0, 216, 0, 0, 0, 0, 0, 0, 0, 0, 0, 0, 754, 46, 1016
"e:\C&C++\project\stm32\Drivers\STM32F1xx_HAL_Driver\Inc\stm32f1xx_ll_cortex.h", "C++", 0, 0, 0, 0, 0, 0, 191, 0, 0, 0, 0, 0, 0, 0, 0, 0, 0, 385, 65, 641
"e:\C&C++\project\stm32\Drivers\STM32F1xx_HAL_Driver\Inc\stm32f1xx_ll_crc.h", "C++", 0, 0, 0, 0, 0, 0, 37, 0, 0, 0, 0, 0, 0, 0, 0, 0, 0, 133, 35, 205
"e:\C&C++\project\stm32\Drivers\STM32F1xx_HAL_Driver\Inc\stm32f1xx_ll_dac.h", "C++", 0, 0, 0, 0, 0, 0, 364, 0, 0, 0, 0, 0, 0, 0, 0, 0, 0, 842, 121, 1327
"e:\C&C++\project\stm32\Drivers\STM32F1xx_HAL_Driver\Inc\stm32f1xx_ll_dma.h", "C++", 0, 0, 0, 0, 0, 0, 596, 0, 0, 0, 0, 0, 0, 0, 0, 0, 0, 1215, 150, 1961
"e:\C&C++\project\stm32\Drivers\STM32F1xx_HAL_Driver\Inc\stm32f1xx_ll_exti.h", "C++", 0, 0, 0, 0, 0, 0, 170, 0, 0, 0, 0, 0, 0, 0, 0, 0, 0, 627, 92, 889
"e:\C&C++\project\stm32\Drivers\STM32F1xx_HAL_Driver\Inc\stm32f1xx_ll_fsmc.h", "C++", 0, 0, 0, 0, 0, 0, 307, 0, 0, 0, 0, 0, 0, 0, 0, 0, 0, 532, 125, 964
"e:\C&C++\project\stm32\Drivers\STM32F1xx_HAL_Driver\Inc\stm32f1xx_ll_gpio.h", "C++", 0, 0, 0, 0, 0, 0, 721, 0, 0, 0, 0, 0, 0, 0, 0, 0, 0, 1417, 210, 2348
"e:\C&C++\project\stm32\Drivers\STM32F1xx_HAL_Driver\Inc\stm32f1xx_ll_i2c.h", "C++", 0, 0, 0, 0, 0, 0, 521, 0, 0, 0, 0, 0, 0, 0, 0, 0, 0, 1091, 173, 1785
"e:\C&C++\project\stm32\Drivers\STM32F1xx_HAL_Driver\Inc\stm32f1xx_ll_iwdg.h", "C++", 0, 0, 0, 0, 0, 0, 71, 0, 0, 0, 0, 0, 0, 0, 0, 0, 0, 193, 44, 308
"e:\C&C++\project\stm32\Drivers\STM32F1xx_HAL_Driver\Inc\stm32f1xx_ll_pwr.h", "C++", 0, 0, 0, 0, 0, 0, 117, 0, 0, 0, 0, 0, 0, 0, 0, 0, 0, 269, 55, 441
"e:\C&C++\project\stm32\Drivers\STM32F1xx_HAL_Driver\Inc\stm32f1xx_ll_rcc.h", "C++", 0, 0, 0, 0, 0, 0, 780, 0, 0, 0, 0, 0, 0, 0, 0, 0, 0, 1331, 202, 2313
"e:\C&C++\project\stm32\Drivers\STM32F1xx_HAL_Driver\Inc\stm32f1xx_ll_rtc.h", "C++", 0, 0, 0, 0, 0, 0, 295, 0, 0, 0, 0, 0, 0, 0, 0, 0, 0, 595, 114, 1004
"e:\C&C++\project\stm32\Drivers\STM32F1xx_HAL_Driver\Inc\stm32f1xx_ll_sdmmc.h", "C++", 0, 0, 0, 0, 0, 0, 423, 0, 0, 0, 0, 0, 0, 0, 0, 0, 0, 548, 142, 1113
"e:\C&C++\project\stm32\Drivers\STM32F1xx_HAL_Driver\Inc\stm32f1xx_ll_spi.h", "C++", 0, 0, 0, 0, 0, 0, 562, 0, 0, 0, 0, 0, 0, 0, 0, 0, 0, 1158, 219, 1939
"e:\C&C++\project\stm32\Drivers\STM32F1xx_HAL_Driver\Inc\stm32f1xx_ll_system.h", "C++", 0, 0, 0, 0, 0, 0, 168, 0, 0, 0, 0, 0, 0, 0, 0, 0, 0, 351, 56, 575
"e:\C&C++\project\stm32\Drivers\STM32F1xx_HAL_Driver\Inc\stm32f1xx_ll_tim.h", "C++", 0, 0, 0, 0, 0, 0, 1129, 0, 0, 0, 0, 0, 0, 0, 0, 0, 0, 2378, 326, 3833
"e:\C&C++\project\stm32\Drivers\STM32F1xx_HAL_Driver\Inc\stm32f1xx_ll_usart.h", "C++", 0, 0, 0, 0, 0, 0, 729, 0, 0, 0, 0, 0, 0, 0, 0, 0, 0, 1617, 224, 2570
"e:\C&C++\project\stm32\Drivers\STM32F1xx_HAL_Driver\Inc\stm32f1xx_ll_usb.h", "C++", 0, 0, 0, 0, 0, 0, 312, 0, 0, 0, 0, 0, 0, 0, 0, 0, 0, 223, 128, 663
"e:\C&C++\project\stm32\Drivers\STM32F1xx_HAL_Driver\Inc\stm32f1xx_ll_utils.h", "C++", 0, 0, 0, 0, 0, 0, 59, 0, 0, 0, 0, 0, 0, 0, 0, 0, 0, 167, 44, 270
"e:\C&C++\project\stm32\Drivers\STM32F1xx_HAL_Driver\Inc\stm32f1xx_ll_wwdg.h", "C++", 0, 0, 0, 0, 0, 0, 67, 0, 0, 0, 0, 0, 0, 0, 0, 0, 0, 216, 37, 320
"e:\C&C++\project\stm32\Drivers\STM32F1xx_HAL_Driver\Src\Legacy\stm32f1xx_hal_can.c", "C", 0, 0, 0, 0, 0, 0, 0, 939, 0, 0, 0, 0, 0, 0, 0, 0, 0, 592, 183, 1714
"e:\C&C++\project\stm32\Drivers\STM32F1xx_HAL_Driver\Src\stm32f1xx_hal.c", "C", 0, 0, 0, 0, 0, 0, 0, 167, 0, 0, 0, 0, 0, 0, 0, 0, 0, 376, 64, 607
"e:\C&C++\project\stm32\Drivers\STM32F1xx_HAL_Driver\Src\stm32f1xx_hal_adc.c", "C", 0, 0, 0, 0, 0, 0, 0, 920, 0, 0, 0, 0, 0, 0, 0, 0, 0, 1196, 302, 2418
"e:\C&C++\project\stm32\Drivers\STM32F1xx_HAL_Driver\Src\stm32f1xx_hal_adc_ex.c", "C", 0, 0, 0, 0, 0, 0, 0, 561, 0, 0, 0, 0, 0, 0, 0, 0, 0, 580, 183, 1324
"e:\C&C++\project\stm32\Drivers\STM32F1xx_HAL_Driver\Src\stm32f1xx_hal_can.c", "C", 0, 0, 0, 0, 0, 0, 0, 1125, 0, 0, 0, 0, 0, 0, 0, 0, 0, 1016, 296, 2437
"e:\C&C++\project\stm32\Drivers\STM32F1xx_HAL_Driver\Src\stm32f1xx_hal_cec.c", "C", 0, 0, 0, 0, 0, 0, 0, 423, 0, 0, 0, 0, 0, 0, 0, 0, 0, 461, 122, 1006
"e:\C&C++\project\stm32\Drivers\STM32F1xx_HAL_Driver\Src\stm32f1xx_hal_cortex.c", "C", 0, 0, 0, 0, 0, 0, 0, 129, 0, 0, 0, 0, 0, 0, 0, 0, 0, 326, 51, 506
"e:\C&C++\project\stm32\Drivers\STM32F1xx_HAL_Driver\Src\stm32f1xx_hal_crc.c", "C", 0, 0, 0, 0, 0, 0, 0, 76, 0, 0, 0, 0, 0, 0, 0, 0, 0, 205, 50, 331
"e:\C&C++\project\stm32\Drivers\STM32F1xx_HAL_Driver\Src\stm32f1xx_hal_dac.c", "C", 0, 0, 0, 0, 0, 0, 0, 504, 0, 0, 0, 0, 0, 0, 0, 0, 0, 726, 138, 1368
"e:\C&C++\project\stm32\Drivers\STM32F1xx_HAL_Driver\Src\stm32f1xx_hal_dac_ex.c", "C", 0, 0, 0, 0, 0, 0, 0, 100, 0, 0, 0, 0, 0, 0, 0, 0, 0, 260, 61, 421
"e:\C&C++\project\stm32\Drivers\STM32F1xx_HAL_Driver\Src\stm32f1xx_hal_dma.c", "C", 0, 0, 0, 0, 0, 0, 0, 370, 0, 0, 0, 0, 0, 0, 0, 0, 0, 395, 135, 900
"e:\C&C++\project\stm32\Drivers\STM32F1xx_HAL_Driver\Src\stm32f1xx_hal_eth.c", "C", 0, 0, 0, 0, 0, 0, 0, 1018, 0, 0, 0, 0, 0, 0, 0, 0, 0, 932, 343, 2293
"e:\C&C++\project\stm32\Drivers\STM32F1xx_HAL_Driver\Src\stm32f1xx_hal_exti.c", "C", 0, 0, 0, 0, 0, 0, 0, 221, 0, 0, 0, 0, 0, 0, 0, 0, 0, 262, 77, 560
"e:\C&C++\project\stm32\Drivers\STM32F1xx_HAL_Driver\Src\stm32f1xx_hal_flash.c", "C", 0, 0, 0, 0, 0, 0, 0, 448, 0, 0, 0, 0, 0, 0, 0, 0, 0, 402, 118, 968
"e:\C&C++\project\stm32\Drivers\STM32F1xx_HAL_Driver\Src\stm32f1xx_hal_flash_ex.c", "C", 0, 0, 0, 0, 0, 0, 0, 527, 0, 0, 0, 0, 0, 0, 0, 0, 0, 437, 164, 1128
"e:\C&C++\project\stm32\Drivers\STM32F1xx_HAL_Driver\Src\stm32f1xx_hal_gpio.c", "C", 0, 0, 0, 0, 0, 0, 0, 230, 0, 0, 0, 0, 0, 0, 0, 0, 0, 292, 66, 588
"e:\C&C++\project\stm32\Drivers\STM32F1xx_HAL_Driver\Src\stm32f1xx_hal_gpio_ex.c", "C", 0, 0, 0, 0, 0, 0, 0, 17, 0, 0, 0, 0, 0, 0, 0, 0, 0, 94, 17, 128
"e:\C&C++\project\stm32\Drivers\STM32F1xx_HAL_Driver\Src\stm32f1xx_hal_hcd.c", "C", 0, 0, 0, 0, 0, 0, 0, 935, 0, 0, 0, 0, 0, 0, 0, 0, 0, 531, 189, 1655
"e:\C&C++\project\stm32\Drivers\STM32F1xx_HAL_Driver\Src\stm32f1xx_hal_i2c.c", "C", 0, 0, 0, 0, 0, 0, 0, 3902, 0, 0, 0, 0, 0, 0, 0, 0, 0, 2409, 1130, 7441
"e:\C&C++\project\stm32\Drivers\STM32F1xx_HAL_Driver\Src\stm32f1xx_hal_i2s.c", "C", 0, 0, 0, 0, 0, 0, 0, 860, 0, 0, 0, 0, 0, 0, 0, 0, 0, 782, 238, 1880
"e:\C&C++\project\stm32\Drivers\STM32F1xx_HAL_Driver\Src\stm32f1xx_hal_irda.c", "C", 0, 0, 0, 0, 0, 0, 0, 1192, 0, 0, 0, 0, 0, 0, 0, 0, 0, 1126, 341, 2659
"e:\C&C++\project\stm32\Drivers\STM32F1xx_HAL_Driver\Src\stm32f1xx_hal_iwdg.c", "C", 0, 0, 0, 0, 0, 0, 0, 34, 0, 0, 0, 0, 0, 0, 0, 0, 0, 196, 29, 259
"e:\C&C++\project\stm32\Drivers\STM32F1xx_HAL_Driver\Src\stm32f1xx_hal_mmc.c", "C", 0, 0, 0, 0, 0, 0, 0, 1629, 0, 0, 0, 0, 0, 0, 0, 0, 0, 875, 355, 2859
"e:\C&C++\project\stm32\Drivers\STM32F1xx_HAL_Driver\Src\stm32f1xx_hal_msp_template.c", "C", 0, 0, 0, 0, 0, 0, 0, 13, 0, 0, 0, 0, 0, 0, 0, 0, 0, 63, 18, 94
"e:\C&C++\project\stm32\Drivers\STM32F1xx_HAL_Driver\Src\stm32f1xx_hal_nand.c", "C", 0, 0, 0, 0, 0, 0, 0, 1371, 0, 0, 0, 0, 0, 0, 0, 0, 0, 649, 286, 2306
"e:\C&C++\project\stm32\Drivers\STM32F1xx_HAL_Driver\Src\stm32f1xx_hal_nor.c", "C", 0, 0, 0, 0, 0, 0, 0, 827, 0, 0, 0, 0, 0, 0, 0, 0, 0, 504, 179, 1510
"e:\C&C++\project\stm32\Drivers\STM32F1xx_HAL_Driver\Src\stm32f1xx_hal_pccard.c", "C", 0, 0, 0, 0, 0, 0, 0, 403, 0, 0, 0, 0, 0, 0, 0, 0, 0, 412, 134, 949
"e:\C&C++\project\stm32\Drivers\STM32F1xx_HAL_Driver\Src\stm32f1xx_hal_pcd.c", "C", 0, 0, 0, 0, 0, 0, 0, 1460, 0, 0, 0, 0, 0, 0, 0, 0, 0, 718, 387, 2565
"e:\C&C++\project\stm32\Drivers\STM32F1xx_HAL_Driver\Src\stm32f1xx_hal_pcd_ex.c", "C", 0, 0, 0, 0, 0, 0, 0, 74, 0, 0, 0, 0, 0, 0, 0, 0, 0, 142, 29, 245
"e:\C&C++\project\stm32\Drivers\STM32F1xx_HAL_Driver\Src\stm32f1xx_hal_pwr.c", "C", 0, 0, 0, 0, 0, 0, 0, 154, 0, 0, 0, 0, 0, 0, 0, 0, 0, 399, 69, 622
"e:\C&C++\project\stm32\Drivers\STM32F1xx_HAL_Driver\Src\stm32f1xx_hal_rcc.c", "C", 0, 0, 0, 0, 0, 0, 0, 687, 0, 0, 0, 0, 0, 0, 0, 0, 0, 554, 163, 1404
"e:\C&C++\project\stm32\Drivers\STM32F1xx_HAL_Driver\Src\stm32f1xx_hal_rcc_ex.c", "C", 0, 0, 0, 0, 0, 0, 0, 432, 0, 0, 0, 0, 0, 0, 0, 0, 0, 326, 106, 864
"e:\C&C++\project\stm32\Drivers\STM32F1xx_HAL_Driver\Src\stm32f1xx_hal_rtc.c", "C", 0, 0, 0, 0, 0, 0, 0, 897, 0, 0, 0, 0, 0, 0, 0, 0, 0, 774, 279, 1950
"e:\C&C++\project\stm32\Drivers\STM32F1xx_HAL_Driver\Src\stm32f1xx_hal_rtc_ex.c", "C", 0, 0, 0, 0, 0, 0, 0, 197, 0, 0, 0, 0, 0, 0, 0, 0, 0, 279, 104, 580
"e:\C&C++\project\stm32\Drivers\STM32F1xx_HAL_Driver\Src\stm32f1xx_hal_sd.c", "C", 0, 0, 0, 0, 0, 0, 0, 1907, 0, 0, 0, 0, 0, 0, 0, 0, 0, 932, 405, 3244
"e:\C&C++\project\stm32\Drivers\STM32F1xx_HAL_Driver\Src\stm32f1xx_hal_smartcard.c", "C", 0, 0, 0, 0, 0, 0, 0, 1006, 0, 0, 0, 0, 0, 0, 0, 0, 0, 1031, 316, 2353
"e:\C&C++\project\stm32\Drivers\STM32F1xx_HAL_Driver\Src\stm32f1xx_hal_spi.c", "C", 0, 0, 0, 0, 0, 0, 0, 2208, 0, 0, 0, 0, 0, 0, 0, 0, 0, 1284, 469, 3961
"e:\C&C++\project\stm32\Drivers\STM32F1xx_HAL_Driver\Src\stm32f1xx_hal_sram.c", "C", 0, 0, 0, 0, 0, 0, 0, 471, 0, 0, 0, 0, 0, 0, 0, 0, 0, 508, 146, 1125
"e:\C&C++\project\stm32\Drivers\STM32F1xx_HAL_Driver\Src\stm32f1xx_hal_tim.c", "C", 0, 0, 0, 0, 0, 0, 0, 3815, 0, 0, 0, 0, 0, 0, 0, 0, 0, 2591, 1016, 7422
"e:\C&C++\project\stm32\Drivers\STM32F1xx_HAL_Driver\Src\stm32f1xx_hal_tim_ex.c", "C", 0, 0, 0, 0, 0, 0, 0, 1006, 0, 0, 0, 0, 0, 0, 0, 0, 0, 947, 344, 2297
"e:\C&C++\project\stm32\Drivers\STM32F1xx_HAL_Driver\Src\stm32f1xx_hal_timebase_rtc_alarm_template.c", "C", 0, 0, 0, 0, 0, 0, 0, 132, 0, 0, 0, 0, 0, 0, 0, 0, 0, 138, 39, 309
"e:\C&C++\project\stm32\Drivers\STM32F1xx_HAL_Driver\Src\stm32f1xx_hal_timebase_tim_template.c", "C", 0, 0, 0, 0, 0, 0, 0, 64, 0, 0, 0, 0, 0, 0, 0, 0, 0, 93, 23, 180
"e:\C&C++\project\stm32\Drivers\STM32F1xx_HAL_Driver\Src\stm32f1xx_hal_uart.c", "C", 0, 0, 0, 0, 0, 0, 0, 1408, 0, 0, 0, 0, 0, 0, 0, 0, 0, 1300, 426, 3134
"e:\C&C++\project\stm32\Drivers\STM32F1xx_HAL_Driver\Src\stm32f1xx_hal_usart.c", "C", 0, 0, 0, 0, 0, 0, 0, 1351, 0, 0, 0, 0, 0, 0, 0, 0, 0, 1114, 334, 2799
"e:\C&C++\project\stm32\Drivers\STM32F1xx_HAL_Driver\Src\stm32f1xx_hal_wwdg.c", "C", 0, 0, 0, 0, 0, 0, 0, 103, 0, 0, 0, 0, 0, 0, 0, 0, 0, 276, 44, 423
"e:\C&C++\project\stm32\Drivers\STM32F1xx_HAL_Driver\Src\stm32f1xx_ll_adc.c", "C", 0, 0, 0, 0, 0, 0, 0, 467, 0, 0, 0, 0, 0, 0, 0, 0, 0, 338, 87, 892
"e:\C&C++\project\stm32\Drivers\STM32F1xx_HAL_Driver\Src\stm32f1xx_ll_crc.c", "C", 0, 0, 0, 0, 0, 0, 0, 26, 0, 0, 0, 0, 0, 0, 0, 0, 0, 60, 23, 109
"e:\C&C++\project\stm32\Drivers\STM32F1xx_HAL_Driver\Src\stm32f1xx_ll_dac.c", "C", 0, 0, 0, 0, 0, 0, 0, 133, 0, 0, 0, 0, 0, 0, 0, 0, 0, 110, 32, 275
"e:\C&C++\project\stm32\Drivers\STM32F1xx_HAL_Driver\Src\stm32f1xx_ll_dma.c", "C", 0, 0, 0, 0, 0, 0, 0, 137, 0, 0, 0, 0, 0, 0, 0, 0, 0, 135, 43, 315
"e:\C&C++\project\stm32\Drivers\STM32F1xx_HAL_Driver\Src\stm32f1xx_ll_exti.c", "C", 0, 0, 0, 0, 0, 0, 0, 94, 0, 0, 0, 0, 0, 0, 0, 0, 0, 94, 28, 216
"e:\C&C++\project\stm32\Drivers\STM32F1xx_HAL_Driver\Src\stm32f1xx_ll_fsmc.c", "C", 0, 0, 0, 0, 0, 0, 0, 433, 0, 0, 0, 0, 0, 0, 0, 0, 0, 459, 113, 1005
"e:\C&C++\project\stm32\Drivers\STM32F1xx_HAL_Driver\Src\stm32f1xx_ll_gpio.c", "C", 0, 0, 0, 0, 0, 0, 0, 121, 0, 0, 0, 0, 0, 0, 0, 0, 0, 93, 40, 254
"e:\C&C++\project\stm32\Drivers\STM32F1xx_HAL_Driver\Src\stm32f1xx_ll_i2c.c", "C", 0, 0, 0, 0, 0, 0, 0, 74, 0, 0, 0, 0, 0, 0, 0, 0, 0, 107, 41, 222
"e:\C&C++\project\stm32\Drivers\STM32F1xx_HAL_Driver\Src\stm32f1xx_ll_pwr.c", "C", 0, 0, 0, 0, 0, 0, 0, 12, 0, 0, 0, 0, 0, 0, 0, 0, 0, 58, 17, 87
"e:\C&C++\project\stm32\Drivers\STM32F1xx_HAL_Driver\Src\stm32f1xx_ll_rcc.c", "C", 0, 0, 0, 0, 0, 0, 0, 201, 0, 0, 0, 0, 0, 0, 0, 0, 0, 199, 75, 475
"e:\C&C++\project\stm32\Drivers\STM32F1xx_HAL_Driver\Src\stm32f1xx_ll_rtc.c", "C", 0, 0, 0, 0, 0, 0, 0, 263, 0, 0, 0, 0, 0, 0, 0, 0, 0, 215, 67, 545
"e:\C&C++\project\stm32\Drivers\STM32F1xx_HAL_Driver\Src\stm32f1xx_ll_sdmmc.c", "C", 0, 0, 0, 0, 0, 0, 0, 700, 0, 0, 0, 0, 0, 0, 0, 0, 0, 613, 209, 1522
"e:\C&C++\project\stm32\Drivers\STM32F1xx_HAL_Driver\Src\stm32f1xx_ll_spi.c", "C", 0, 0, 0, 0, 0, 0, 0, 225, 0, 0, 0, 0, 0, 0, 0, 0, 0, 222, 84, 531
"e:\C&C++\project\stm32\Drivers\STM32F1xx_HAL_Driver\Src\stm32f1xx_ll_tim.c", "C", 0, 0, 0, 0, 0, 0, 0, 624, 0, 0, 0, 0, 0, 0, 0, 0, 0, 377, 198, 1199
"e:\C&C++\project\stm32\Drivers\STM32F1xx_HAL_Driver\Src\stm32f1xx_ll_usart.c", "C", 0, 0, 0, 0, 0, 0, 0, 213, 0, 0, 0, 0, 0, 0, 0, 0, 0, 171, 63, 447
"e:\C&C++\project\stm32\Drivers\STM32F1xx_HAL_Driver\Src\stm32f1xx_ll_usb.c", "C", 0, 0, 0, 0, 0, 0, 0, 1516, 0, 0, 0, 0, 0, 0, 0, 0, 0, 800, 358, 2674
"e:\C&C++\project\stm32\Drivers\STM32F1xx_HAL_Driver\Src\stm32f1xx_ll_utils.c", "C", 0, 0, 0, 0, 0, 0, 0, 304, 0, 0, 0, 0, 0, 0, 0, 0, 0, 251, 70, 625
"e:\C&C++\project\stm32\Drivers\SYSTEM\delay\delay.c", "C", 0, 0, 0, 0, 0, 0, 0, 100, 0, 0, 0, 0, 0, 0, 0, 0, 0, 68, 60, 228
"e:\C&C++\project\stm32\Drivers\SYSTEM\delay\delay.h", "C++", 0, 0, 0, 0, 0, 0, 10, 0, 0, 0, 0, 0, 0, 0, 0, 0, 0, 24, 36, 70
"e:\C&C++\project\stm32\Drivers\SYSTEM\sys\sys.c", "C", 0, 0, 0, 0, 0, 0, 0, 57, 0, 0, 0, 0, 0, 0, 0, 0, 0, 68, 17, 142
"e:\C&C++\project\stm32\Drivers\SYSTEM\sys\sys.h", "C++", 0, 0, 0, 0, 0, 0, 14, 0, 0, 0, 0, 0, 0, 0, 0, 0, 0, 30, 21, 65
"e:\C&C++\project\stm32\Drivers\SYSTEM\usart\usart.c", "C", 0, 0, 0, 0, 0, 0, 0, 113, 0, 0, 0, 0, 0, 0, 0, 0, 0, 68, 31, 212
"e:\C&C++\project\stm32\Drivers\SYSTEM\usart\usart.h", "C++", 0, 0, 0, 0, 0, 0, 23, 0, 0, 0, 0, 0, 0, 0, 0, 0, 0, 29, 16, 68
"e:\C&C++\project\stm32\Middlewares\FreeRTOS\croutine.c", "C", 0, 0, 0, 0, 0, 0, 0, 184, 0, 0, 0, 0, 0, 0, 0, 0, 0, 121, 59, 364
"e:\C&C++\project\stm32\Middlewares\FreeRTOS\event_groups.c", "C", 0, 0, 0, 0, 0, 0, 0, 478, 0, 0, 0, 0, 0, 0, 0, 0, 0, 182, 118, 778
"e:\C&C++\project\stm32\Middlewares\FreeRTOS\include\FreeRTOS.h", "C++", 0, 0, 0, 0, 0, 0, 823, 0, 0, 0, 0, 0, 0, 0, 0, 0, 0, 277, 263, 1363
"e:\C&C++\project\stm32\Middlewares\FreeRTOS\include\StackMacros.h", "C++", 0, 0, 0, 0, 0, 0, 4, 0, 0, 0, 0, 0, 0, 0, 0, 0, 0, 27, 4, 35
"e:\C&C++\project\stm32\Middlewares\FreeRTOS\include\atomic.h", "C++", 0, 0, 0, 0, 0, 0, 169, 0, 0, 0, 0, 0, 0, 0, 0, 0, 0, 198, 53, 420
"e:\C&C++\project\stm32\Middlewares\FreeRTOS\include\croutine.h", "C++", 0, 0, 0, 0, 0, 0, 80, 0, 0, 0, 0, 0, 0, 0, 0, 0, 0, 650, 24, 754
"e:\C&C++\project\stm32\Middlewares\FreeRTOS\include\deprecated_definitions.h", "C++", 0, 0, 0, 0, 0, 0, 180, 0, 0, 0, 0, 0, 0, 0, 0, 0, 0, 39, 63, 282
"e:\C&C++\project\stm32\Middlewares\FreeRTOS\include\event_groups.h", "C++", 0, 0, 0, 0, 0, 0, 62, 0, 0, 0, 0, 0, 0, 0, 0, 0, 0, 689, 27, 778
"e:\C&C++\project\stm32\Middlewares\FreeRTOS\include\list.h", "C++", 0, 0, 0, 0, 0, 0, 135, 0, 0, 0, 0, 0, 0, 0, 0, 0, 0, 327, 38, 500
"e:\C&C++\project\stm32\Middlewares\FreeRTOS\include\message_buffer.h", "C++", 0, 0, 0, 0, 0, 0, 44, 0, 0, 0, 0, 0, 0, 0, 0, 0, 0, 753, 27, 824
"e:\C&C++\project\stm32\Middlewares\FreeRTOS\include\mpu_prototypes.h", "C++", 0, 0, 0, 0, 0, 0, 210, 0, 0, 0, 0, 0, 0, 0, 0, 0, 0, 39, 12, 261
"e:\C&C++\project\stm32\Middlewares\FreeRTOS\include\mpu_wrappers.h", "C++", 0, 0, 0, 0, 0, 0, 135, 0, 0, 0, 0, 0, 0, 0, 0, 0, 0, 59, 24, 218
"e:\C&C++\project\stm32\Middlewares\FreeRTOS\include\portable.h", "C++", 0, 0, 0, 0, 0, 0, 107, 0, 0, 0, 0, 0, 0, 0, 0, 0, 0, 92, 25, 224
"e:\C&C++\project\stm32\Middlewares\FreeRTOS\include\projdefs.h", "C++", 0, 0, 0, 0, 0, 0, 68, 0, 0, 0, 0, 0, 0, 0, 0, 0, 0, 41, 14, 123
"e:\C&C++\project\stm32\Middlewares\FreeRTOS\include\queue.h", "C++", 0, 0, 0, 0, 0, 0, 142, 0, 0, 0, 0, 0, 0, 0, 0, 0, 0, 1530, 51, 1723
"e:\C&C++\project\stm32\Middlewares\FreeRTOS\include\semphr.h", "C++", 0, 0, 0, 0, 0, 0, 60, 0, 0, 0, 0, 0, 0, 0, 0, 0, 0, 1101, 29, 1190
"e:\C&C++\project\stm32\Middlewares\FreeRTOS\include\stack_macros.h", "C++", 0, 0, 0, 0, 0, 0, 65, 0, 0, 0, 0, 0, 0, 0, 0, 0, 0, 52, 21, 138
"e:\C&C++\project\stm32\Middlewares\FreeRTOS\include\stream_buffer.h", "C++", 0, 0, 0, 0, 0, 0, 60, 0, 0, 0, 0, 0, 0, 0, 0, 0, 0, 782, 28, 870
"e:\C&C++\project\stm32\Middlewares\FreeRTOS\include\task.h", "C++", 0, 0, 0, 0, 0, 0, 291, 0, 0, 0, 0, 0, 0, 0, 0, 0, 0, 2705, 117, 3113
"e:\C&C++\project\stm32\Middlewares\FreeRTOS\include\timers.h", "C++", 0, 0, 0, 0, 0, 0, 99, 0, 0, 0, 0, 0, 0, 0, 0, 0, 0, 1215, 42, 1356
"e:\C&C++\project\stm32\Middlewares\FreeRTOS\list.c", "C", 0, 0, 0, 0, 0, 0, 0, 77, 0, 0, 0, 0, 0, 0, 0, 0, 0, 105, 34, 216
"e:\C&C++\project\stm32\Middlewares\FreeRTOS\portable\MemMang\heap_1.c", "C", 0, 0, 0, 0, 0, 0, 0, 74, 0, 0, 0, 0, 0, 0, 0, 0, 0, 57, 23, 154
"e:\C&C++\project\stm32\Middlewares\FreeRTOS\portable\MemMang\heap_2.c", "C", 0, 0, 0, 0, 0, 0, 0, 148, 0, 0, 0, 0, 0, 0, 0, 0, 0, 94, 45, 287
"e:\C&C++\project\stm32\Middlewares\FreeRTOS\portable\MemMang\heap_3.c", "C", 0, 0, 0, 0, 0, 0, 0, 40, 0, 0, 0, 0, 0, 0, 0, 0, 0, 42, 14, 96
"e:\C&C++\project\stm32\Middlewares\FreeRTOS\portable\MemMang\heap_4.c", "C", 0, 0, 0, 0, 0, 0, 0, 297, 0, 0, 0, 0, 0, 0, 0, 0, 0, 138, 70, 505
"e:\C&C++\project\stm32\Middlewares\FreeRTOS\portable\MemMang\heap_5.c", "C", 0, 0, 0, 0, 0, 0, 0, 306, 0, 0, 0, 0, 0, 0, 0, 0, 0, 178, 76, 560
"e:\C&C++\project\stm32\Middlewares\FreeRTOS\portable\RVDS\ARM7_LPC21xx\port.c", "C", 0, 0, 0, 0, 0, 0, 0, 128, 0, 0, 0, 0, 0, 0, 0, 0, 0, 113, 52, 293
"e:\C&C++\project\stm32\Middlewares\FreeRTOS\portable\RVDS\ARM7_LPC21xx\portASM.s", "ARM", 0, 0, 0, 0, 0, 0, 0, 0, 0, 0, 0, 0, 0, 0, 69, 0, 0, 26, 31, 126
"e:\C&C++\project\stm32\Middlewares\FreeRTOS\portable\RVDS\ARM7_LPC21xx\portmacro.h", "C++", 0, 0, 0, 0, 0, 0, 51, 0, 0, 0, 0, 0, 0, 0, 0, 0, 0, 74, 27, 152
"e:\C&C++\project\stm32\Middlewares\FreeRTOS\portable\RVDS\ARM_CA9\port.c", "C", 0, 0, 0, 0, 0, 0, 0, 241, 0, 0, 0, 0, 0, 0, 0, 0, 0, 169, 72, 482
"e:\C&C++\project\stm32\Middlewares\FreeRTOS\portable\RVDS\ARM_CA9\portASM.s", "ARM", 0, 0, 0, 0, 0, 0, 0, 0, 0, 0, 0, 0, 0, 0, 115, 0, 0, 26, 35, 176
"e:\C&C++\project\stm32\Middlewares\FreeRTOS\portable\RVDS\ARM_CA9\portmacro.h", "C++", 0, 0, 0, 0, 0, 0, 71, 0, 0, 0, 0, 0, 0, 0, 0, 0, 0, 60, 34, 165
"e:\C&C++\project\stm32\Middlewares\FreeRTOS\portable\RVDS\ARM_CM0\port.c", "C", 0, 0, 0, 0, 0, 0, 0, 264, 0, 0, 0, 0, 0, 0, 0, 0, 0, 197, 89, 550
"e:\C&C++\project\stm32\Middlewares\FreeRTOS\portable\RVDS\ARM_CM0\portmacro.h", "C++", 0, 0, 0, 0, 0, 0, 53, 0, 0, 0, 0, 0, 0, 0, 0, 0, 0, 53, 20, 126
"e:\C&C++\project\stm32\Middlewares\FreeRTOS\portable\RVDS\ARM_CM3\port.c", "C", 0, 0, 0, 0, 0, 0, 0, 323, 0, 0, 0, 0, 0, 0, 0, 0, 0, 283, 113, 719
"e:\C&C++\project\stm32\Middlewares\FreeRTOS\portable\RVDS\ARM_CM3\portmacro.h", "C++", 0, 0, 0, 0, 0, 0, 132, 0, 0, 0, 0, 0, 0, 0, 0, 0, 0, 90, 45, 267
"e:\C&C++\project\stm32\Middlewares\FreeRTOS\portable\RVDS\ARM_CM4F\port.c", "C", 0, 0, 0, 0, 0, 0, 0, 360, 0, 0, 0, 0, 0, 0, 0, 0, 0, 320, 131, 811
"e:\C&C++\project\stm32\Middlewares\FreeRTOS\portable\RVDS\ARM_CM4F\portmacro.h", "C++", 0, 0, 0, 0, 0, 0, 132, 0, 0, 0, 0, 0, 0, 0, 0, 0, 0, 90, 44, 266
"e:\C&C++\project\stm32\Middlewares\FreeRTOS\portable\RVDS\ARM_CM4_MPU\port.c", "C", 0, 0, 0, 0, 0, 0, 0, 563, 0, 0, 0, 0, 0, 0, 0, 0, 0, 282, 153, 998
"e:\C&C++\project\stm32\Middlewares\FreeRTOS\portable\RVDS\ARM_CM4_MPU\portmacro.h", "C++", 0, 0, 0, 0, 0, 0, 181, 0, 0, 0, 0, 0, 0, 0, 0, 0, 0, 175, 60, 416
"e:\C&C++\project\stm32\Middlewares\FreeRTOS\portable\RVDS\ARM_CM7\r0p1\port.c", "C", 0, 0, 0, 0, 0, 0, 0, 356, 0, 0, 0, 0, 0, 0, 0, 0, 0, 313, 128, 797
"e:\C&C++\project\stm32\Middlewares\FreeRTOS\portable\RVDS\ARM_CM7\r0p1\portmacro.h", "C++", 0, 0, 0, 0, 0, 0, 136, 0, 0, 0, 0, 0, 0, 0, 0, 0, 0, 90, 44, 270
"e:\C&C++\project\stm32\Middlewares\FreeRTOS\queue.c", "C", 0, 0, 0, 0, 0, 0, 0, 2021, 0, 0, 0, 0, 0, 0, 0, 0, 0, 655, 400, 3076
"e:\C&C++\project\stm32\Middlewares\FreeRTOS\stream_buffer.c", "C", 0, 0, 0, 0, 0, 0, 0, 854, 0, 0, 0, 0, 0, 0, 0, 0, 0, 275, 179, 1308
"e:\C&C++\project\stm32\Middlewares\FreeRTOS\tasks.c", "C", 0, 0, 0, 0, 0, 0, 0, 3280, 0, 0, 0, 0, 0, 0, 0, 0, 0, 1366, 797, 5443
"e:\C&C++\project\stm32\Middlewares\FreeRTOS\timers.c", "C", 0, 0, 0, 0, 0, 0, 0, 673, 0, 0, 0, 0, 0, 0, 0, 0, 0, 280, 167, 1120
"e:\C&C++\project\stm32\Middlewares\MALLOC\malloc.c", "C", 0, 0, 0, 0, 0, 0, 0, 152, 0, 0, 0, 0, 0, 0, 0, 0, 0, 70, 57, 279
"e:\C&C++\project\stm32\Middlewares\MALLOC\malloc.h", "C++", 0, 0, 0, 0, 0, 0, 33, 0, 0, 0, 0, 0, 0, 0, 0, 0, 0, 39, 34, 106
"e:\C&C++\project\stm32\Output\atk_f103.hex", "hex", 0, 0, 0, 0, 0, 0, 0, 0, 0, 0, 3220, 0, 0, 0, 0, 0, 0, 0, 1, 3221
"e:\C&C++\project\stm32\User\FreeRTOSConfig.h", "C++", 0, 0, 0, 0, 0, 0, 88, 0, 0, 0, 0, 0, 0, 0, 0, 0, 0, 20, 17, 125
"e:\C&C++\project\stm32\User\freertos_demo.c", "C", 0, 0, 0, 0, 0, 0, 0, 180, 0, 0, 0, 0, 0, 0, 0, 0, 0, 38, 38, 256
"e:\C&C++\project\stm32\User\freertos_demo.h", "C++", 0, 0, 0, 0, 0, 0, 4, 0, 0, 0, 0, 0, 0, 0, 0, 0, 0, 19, 4, 27
"e:\C&C++\project\stm32\User\main.c", "C", 0, 0, 0, 0, 0, 0, 0, 30, 0, 0, 0, 0, 0, 0, 0, 0, 0, 0, 4, 34
"e:\C&C++\project\stm32\User\stm32f1xx_hal_conf.h", "C++", 0, 0, 0, 0, 0, 0, 237, 0, 0, 0, 0, 0, 0, 0, 0, 0, 0, 90, 73, 400
"e:\C&C++\project\stm32\User\stm32f1xx_it.c", "C", 0, 0, 0, 0, 0, 0, 0, 49, 0, 0, 0, 0, 0, 0, 0, 0, 0, 106, 22, 177
"e:\C&C++\project\stm32\User\stm32f1xx_it.h", "C++", 0, 0, 0, 0, 0, 0, 18, 0, 0, 0, 0, 0, 0, 0, 0, 0, 0, 25, 8, 51
"e:\C&C++\project\stm32\keilkill.bat", "Batch", 0, 0, 0, 0, 0, 0, 0, 0, 27, 0, 0, 0, 0, 0, 0, 0, 0, 1, 3, 31
"e:\C&C++\project\yolov5\.github\ISSUE_TEMPLATE\bug-report.yml", "YAML", 0, 0, 0, 0, 0, 76, 0, 0, 0, 0, 0, 0, 0, 0, 0, 0, 0, 3, 9, 88
"e:\C&C++\project\yolov5\.github\ISSUE_TEMPLATE\config.yml", "YAML", 0, 0, 0, 0, 0, 11, 0, 0, 0, 0, 0, 0, 0, 0, 0, 0, 0, 1, 2, 14
"e:\C&C++\project\yolov5\.github\ISSUE_TEMPLATE\feature-request.yml", "YAML", 0, 0, 0, 0, 0, 44, 0, 0, 0, 0, 0, 0, 0, 0, 0, 0, 0, 2, 7, 53
"e:\C&C++\project\yolov5\.github\ISSUE_TEMPLATE\question.yml", "YAML", 0, 0, 0, 0, 0, 29, 0, 0, 0, 0, 0, 0, 0, 0, 0, 0, 0, 2, 5, 36
"e:\C&C++\project\yolov5\.github\dependabot.yml", "YAML", 0, 0, 0, 0, 0, 22, 0, 0, 0, 0, 0, 0, 0, 0, 0, 0, 0, 3, 3, 28
"e:\C&C++\project\yolov5\.github\workflows\ci-testing.yml", "YAML", 0, 0, 0, 0, 0, 141, 0, 0, 0, 0, 0, 0, 0, 0, 0, 0, 0, 4, 6, 151
"e:\C&C++\project\yolov5\.github\workflows\cla.yml", "YAML", 0, 0, 0, 0, 0, 35, 0, 0, 0, 0, 0, 0, 0, 0, 0, 0, 0, 5, 5, 45
"e:\C&C++\project\yolov5\.github\workflows\codeql-analysis.yml", "YAML", 0, 0, 0, 0, 0, 24, 0, 0, 0, 0, 0, 0, 0, 0, 0, 0, 0, 21, 12, 57
"e:\C&C++\project\yolov5\.github\workflows\docker.yml", "YAML", 0, 0, 0, 0, 0, 49, 0, 0, 0, 0, 0, 0, 0, 0, 0, 0, 0, 2, 10, 61
"e:\C&C++\project\yolov5\.github\workflows\format.yml", "YAML", 0, 0, 0, 0, 0, 46, 0, 0, 0, 0, 0, 0, 0, 0, 0, 0, 0, 7, 18, 71
"e:\C&C++\project\yolov5\.github\workflows\links.yml", "YAML", 0, 0, 0, 0, 0, 59, 0, 0, 0, 0, 0, 0, 0, 0, 0, 0, 0, 8, 7, 74
"e:\C&C++\project\yolov5\.github\workflows\merge-main-into-prs.yml", "YAML", 0, 0, 0, 0, 0, 51, 0, 0, 0, 0, 0, 0, 0, 0, 0, 0, 0, 10, 11, 72
"e:\C&C++\project\yolov5\.github\workflows\stale.yml", "YAML", 0, 0, 0, 0, 0, 33, 0, 0, 0, 0, 0, 0, 0, 0, 0, 0, 0, 1, 14, 48
"e:\C&C++\project\yolov5\CITATION.cff", "YAML", 0, 0, 0, 0, 0, 14, 0, 0, 0, 0, 0, 0, 0, 0, 0, 0, 0, 0, 1, 15
"e:\C&C++\project\yolov5\CONTRIBUTING.md", "Markdown", 0, 0, 42, 0, 0, 0, 0, 0, 0, 0, 0, 0, 0, 0, 0, 0, 0, 0, 35, 77
"e:\C&C++\project\yolov5\README.md", "Markdown", 0, 0, 347, 0, 0, 0, 0, 0, 0, 0, 0, 0, 0, 0, 0, 0, 0, 0, 122, 469
"e:\C&C++\project\yolov5\README.zh-CN.md", "Markdown", 0, 0, 348, 0, 0, 0, 0, 0, 0, 0, 0, 0, 0, 0, 0, 0, 0, 0, 121, 469
"e:\C&C++\project\yolov5\benchmarks.py", "Python", 247, 0, 0, 0, 0, 0, 0, 0, 0, 0, 0, 0, 0, 0, 0, 0, 0, 7, 41, 295
"e:\C&C++\project\yolov5\classify\predict.py", "Python", 197, 0, 0, 0, 0, 0, 0, 0, 0, 0, 0, 0, 0, 0, 0, 0, 0, 14, 31, 242
"e:\C&C++\project\yolov5\classify\train.py", "Python", 299, 0, 0, 0, 0, 0, 0, 0, 0, 0, 0, 0, 0, 0, 0, 0, 0, 33, 51, 383
"e:\C&C++\project\yolov5\classify\tutorial.ipynb", "JSON", 0, 1488, 0, 0, 0, 0, 0, 0, 0, 0, 0, 0, 0, 0, 0, 0, 0, 0, 1, 1489
"e:\C&C++\project\yolov5\classify\val.py", "Python", 148, 0, 0, 0, 0, 0, 0, 0, 0, 0, 0, 0, 0, 0, 0, 0, 0, 6, 25, 179
"e:\C&C++\project\yolov5\data\Argoverse.yaml", "YAML", 0, 0, 0, 0, 0, 47, 0, 0, 0, 0, 0, 0, 0, 0, 0, 0, 0, 12, 14, 73
"e:\C&C++\project\yolov5\data\GlobalWheat2020.yaml", "YAML", 0, 0, 0, 0, 0, 32, 0, 0, 0, 0, 0, 0, 0, 0, 0, 0, 0, 13, 8, 53
"e:\C&C++\project\yolov5\data\ImageNet.yaml", "YAML", 0, 0, 0, 0, 0, 1006, 0, 0, 0, 0, 0, 0, 0, 0, 0, 0, 0, 11, 4, 1021
"e:\C&C++\project\yolov5\data\ImageNet10.yaml", "YAML", 0, 0, 0, 0, 0, 16, 0, 0, 0, 0, 0, 0, 0, 0, 0, 0, 0, 11, 4, 31
"e:\C&C++\project\yolov5\data\ImageNet100.yaml", "YAML", 0, 0, 0, 0, 0, 106, 0, 0, 0, 0, 0, 0, 0, 0, 0, 0, 0, 11, 3, 120
"e:\C&C++\project\yolov5\data\ImageNet1000.yaml", "YAML", 0, 0, 0, 0, 0, 1006, 0, 0, 0, 0, 0, 0, 0, 0, 0, 0, 0, 11, 4, 1021
"e:\C&C++\project\yolov5\data\Objects365.yaml", "YAML", 0, 0, 0, 0, 0, 411, 0, 0, 0, 0, 0, 0, 0, 0, 0, 0, 0, 15, 11, 437
"e:\C&C++\project\yolov5\data\SKU-110K.yaml", "YAML", 0, 0, 0, 0, 0, 31, 0, 0, 0, 0, 0, 0, 0, 0, 0, 0, 0, 13, 8, 52
"e:\C&C++\project\yolov5\data\VOC.yaml", "YAML", 0, 0, 0, 0, 0, 74, 0, 0, 0, 0, 0, 0, 0, 0, 0, 0, 0, 12, 13, 99
"e:\C&C++\project\yolov5\data\VisDrone.yaml", "YAML", 0, 0, 0, 0, 0, 46, 0, 0, 0, 0, 0, 0, 0, 0, 0, 0, 0, 13, 10, 69
"e:\C&C++\project\yolov5\data\coco.yaml", "YAML", 0, 0, 0, 0, 0, 96, 0, 0, 0, 0, 0, 0, 0, 0, 0, 0, 0, 12, 7, 115
"e:\C&C++\project\yolov5\data\coco128-seg.yaml", "YAML", 0, 0, 0, 0, 0, 86, 0, 0, 0, 0, 0, 0, 0, 0, 0, 0, 0, 10, 4, 100
"e:\C&C++\project\yolov5\data\coco128.yaml", "YAML", 0, 0, 0, 0, 0, 86, 0, 0, 0, 0, 0, 0, 0, 0, 0, 0, 0, 10, 4, 100
"e:\C&C++\project\yolov5\data\hyps\hyp.Objects365.yaml", "YAML", 0, 0, 0, 0, 0, 29, 0, 0, 0, 0, 0, 0, 0, 0, 0, 0, 0, 4, 2, 35
"e:\C&C++\project\yolov5\data\hyps\hyp.VOC.yaml", "YAML", 0, 0, 0, 0, 0, 29, 0, 0, 0, 0, 0, 0, 0, 0, 0, 0, 0, 9, 3, 41
"e:\C&C++\project\yolov5\data\hyps\hyp.no-augmentation.yaml", "YAML", 0, 0, 0, 0, 0, 28, 0, 0, 0, 0, 0, 0, 0, 0, 0, 0, 0, 6, 2, 36
"e:\C&C++\project\yolov5\data\hyps\hyp.scratch-high.yaml", "YAML", 0, 0, 0, 0, 0, 28, 0, 0, 0, 0, 0, 0, 0, 0, 0, 0, 0, 5, 2, 35
"e:\C&C++\project\yolov5\data\hyps\hyp.scratch-low.yaml", "YAML", 0, 0, 0, 0, 0, 28, 0, 0, 0, 0, 0, 0, 0, 0, 0, 0, 0, 5, 2, 35
"e:\C&C++\project\yolov5\data\hyps\hyp.scratch-med.yaml", "YAML", 0, 0, 0, 0, 0, 28, 0, 0, 0, 0, 0, 0, 0, 0, 0, 0, 0, 5, 2, 35
"e:\C&C++\project\yolov5\data\scripts\download_weights.sh", "Shell Script", 0, 0, 0, 0, 0, 0, 0, 0, 0, 9, 0, 0, 0, 0, 0, 0, 0, 9, 5, 23
"e:\C&C++\project\yolov5\data\scripts\get_coco.sh", "Shell Script", 0, 0, 0, 0, 0, 0, 0, 0, 0, 42, 0, 0, 0, 0, 0, 0, 0, 11, 4, 57
"e:\C&C++\project\yolov5\data\scripts\get_coco128.sh", "Shell Script", 0, 0, 0, 0, 0, 0, 0, 0, 0, 6, 0, 0, 0, 0, 0, 0, 0, 9, 3, 18
"e:\C&C++\project\yolov5\data\scripts\get_imagenet.sh", "Shell Script", 0, 0, 0, 0, 0, 0, 0, 0, 0, 29, 0, 0, 0, 0, 0, 0, 0, 16, 7, 52
"e:\C&C++\project\yolov5\data\scripts\get_imagenet10.sh", "Shell Script", 0, 0, 0, 0, 0, 0, 0, 0, 0, 15, 0, 0, 0, 0, 0, 0, 0, 11, 4, 30
"e:\C&C++\project\yolov5\data\scripts\get_imagenet100.sh", "Shell Script", 0, 0, 0, 0, 0, 0, 0, 0, 0, 15, 0, 0, 0, 0, 0, 0, 0, 11, 4, 30
"e:\C&C++\project\yolov5\data\scripts\get_imagenet1000.sh", "Shell Script", 0, 0, 0, 0, 0, 0, 0, 0, 0, 15, 0, 0, 0, 0, 0, 0, 0, 11, 4, 30
"e:\C&C++\project\yolov5\data\xView.yaml", "YAML", 0, 0, 0, 0, 0, 112, 0, 0, 0, 0, 0, 0, 0, 0, 0, 0, 0, 23, 17, 152
"e:\C&C++\project\yolov5\detect.py", "Python", 369, 0, 0, 0, 0, 0, 0, 0, 0, 0, 0, 0, 0, 0, 0, 0, 0, 21, 48, 438
"e:\C&C++\project\yolov5\export.py", "Python", 1258, 0, 0, 0, 0, 0, 0, 0, 0, 0, 0, 0, 0, 0, 0, 0, 0, 50, 223, 1531
"e:\C&C++\project\yolov5\hubconf.py", "Python", 390, 0, 0, 0, 0, 0, 0, 0, 0, 0, 0, 0, 0, 0, 0, 0, 0, 19, 102, 511
"e:\C&C++\project\yolov5\models\__init__.py", "Python", 0, 0, 0, 0, 0, 0, 0, 0, 0, 0, 0, 0, 0, 0, 0, 0, 0, 0, 1, 1
"e:\C&C++\project\yolov5\models\common.py", "Python", 915, 0, 0, 0, 0, 0, 0, 0, 0, 0, 0, 0, 0, 0, 0, 0, 0, 31, 164, 1110
"e:\C&C++\project\yolov5\models\experimental.py", "Python", 98, 0, 0, 0, 0, 0, 0, 0, 0, 0, 0, 0, 0, 0, 0, 0, 0, 7, 26, 131
"e:\C&C++\project\yolov5\models\hub\anchors.yaml", "YAML", 0, 0, 0, 0, 0, 37, 0, 0, 0, 0, 0, 0, 0, 0, 0, 0, 0, 12, 8, 57
"e:\C&C++\project\yolov5\models\hub\yolov3-spp.yaml", "YAML", 0, 0, 0, 0, 0, 41, 0, 0, 0, 0, 0, 0, 0, 0, 0, 0, 0, 5, 7, 53
"e:\C&C++\project\yolov5\models\hub\yolov3-tiny.yaml", "YAML", 0, 0, 0, 0, 0, 32, 0, 0, 0, 0, 0, 0, 0, 0, 0, 0, 0, 5, 6, 43
"e:\C&C++\project\yolov5\models\hub\yolov3.yaml", "YAML", 0, 0, 0, 0, 0, 41, 0, 0, 0, 0, 0, 0, 0, 0, 0, 0, 0, 5, 7, 53
"e:\C&C++\project\yolov5\models\hub\yolov5-bifpn.yaml", "YAML", 0, 0, 0, 0, 0, 37, 0, 0, 0, 0, 0, 0, 0, 0, 0, 0, 0, 5, 8, 50
"e:\C&C++\project\yolov5\models\hub\yolov5-fpn.yaml", "YAML", 0, 0, 0, 0, 0, 32, 0, 0, 0, 0, 0, 0, 0, 0, 0, 0, 0, 5, 7, 44
"e:\C&C++\project\yolov5\models\hub\yolov5-p2.yaml", "YAML", 0, 0, 0, 0, 0, 41, 0, 0, 0, 0, 0, 0, 0, 0, 0, 0, 0, 5, 10, 56
"e:\C&C++\project\yolov5\models\hub\yolov5-p34.yaml", "YAML", 0, 0, 0, 0, 0, 31, 0, 0, 0, 0, 0, 0, 0, 0, 0, 0, 0, 5, 7, 43
"e:\C&C++\project\yolov5\models\hub\yolov5-p6.yaml", "YAML", 0, 0, 0, 0, 0, 43, 0, 0, 0, 0, 0, 0, 0, 0, 0, 0, 0, 5, 10, 58
"e:\C&C++\project\yolov5\models\hub\yolov5-p7.yaml", "YAML", 0, 0, 0, 0, 0, 52, 0, 0, 0, 0, 0, 0, 0, 0, 0, 0, 0, 5, 12, 69
"e:\C&C++\project\yolov5\models\hub\yolov5-panet.yaml", "YAML", 0, 0, 0, 0, 0, 37, 0, 0, 0, 0, 0, 0, 0, 0, 0, 0, 0, 5, 8, 50
"e:\C&C++\project\yolov5\models\hub\yolov5l6.yaml", "YAML", 0, 0, 0, 0, 0, 47, 0, 0, 0, 0, 0, 0, 0, 0, 0, 0, 0, 5, 10, 62
"e:\C&C++\project\yolov5\models\hub\yolov5m6.yaml", "YAML", 0, 0, 0, 0, 0, 47, 0, 0, 0, 0, 0, 0, 0, 0, 0, 0, 0, 5, 10, 62
"e:\C&C++\project\yolov5\models\hub\yolov5n6.yaml", "YAML", 0, 0, 0, 0, 0, 47, 0, 0, 0, 0, 0, 0, 0, 0, 0, 0, 0, 5, 10, 62
"e:\C&C++\project\yolov5\models\hub\yolov5s-LeakyReLU.yaml", "YAML", 0, 0, 0, 0, 0, 38, 0, 0, 0, 0, 0, 0, 0, 0, 0, 0, 0, 5, 8, 51
"e:\C&C++\project\yolov5\models\hub\yolov5s-ghost.yaml", "YAML", 0, 0, 0, 0, 0, 37, 0, 0, 0, 0, 0, 0, 0, 0, 0, 0, 0, 5, 8, 50
"e:\C&C++\project\yolov5\models\hub\yolov5s-transformer.yaml", "YAML", 0, 0, 0, 0, 0, 37, 0, 0, 0, 0, 0, 0, 0, 0, 0, 0, 0, 5, 8, 50
"e:\C&C++\project\yolov5\models\hub\yolov5s6.yaml", "YAML", 0, 0, 0, 0, 0, 47, 0, 0, 0, 0, 0, 0, 0, 0, 0, 0, 0, 5, 10, 62
"e:\C&C++\project\yolov5\models\hub\yolov5x6.yaml", "YAML", 0, 0, 0, 0, 0, 47, 0, 0, 0, 0, 0, 0, 0, 0, 0, 0, 0, 5, 10, 62
"e:\C&C++\project\yolov5\models\segment\yolov5l-seg.yaml", "YAML", 0, 0, 0, 0, 0, 37, 0, 0, 0, 0, 0, 0, 0, 0, 0, 0, 0, 5, 8, 50
"e:\C&C++\project\yolov5\models\segment\yolov5m-seg.yaml", "YAML", 0, 0, 0, 0, 0, 37, 0, 0, 0, 0, 0, 0, 0, 0, 0, 0, 0, 5, 8, 50
"e:\C&C++\project\yolov5\models\segment\yolov5n-seg.yaml", "YAML", 0, 0, 0, 0, 0, 37, 0, 0, 0, 0, 0, 0, 0, 0, 0, 0, 0, 5, 8, 50
"e:\C&C++\project\yolov5\models\segment\yolov5s-seg.yaml", "YAML", 0, 0, 0, 0, 0, 37, 0, 0, 0, 0, 0, 0, 0, 0, 0, 0, 0, 5, 8, 50
"e:\C&C++\project\yolov5\models\segment\yolov5x-seg.yaml", "YAML", 0, 0, 0, 0, 0, 37, 0, 0, 0, 0, 0, 0, 0, 0, 0, 0, 0, 5, 8, 50
"e:\C&C++\project\yolov5\models\tf.py", "Python", 643, 0, 0, 0, 0, 0, 0, 0, 0, 0, 0, 0, 0, 0, 0, 0, 0, 22, 133, 798
"e:\C&C++\project\yolov5\models\yolo.py", "Python", 421, 0, 0, 0, 0, 0, 0, 0, 0, 0, 0, 0, 0, 0, 0, 0, 0, 9, 66, 496
"e:\C&C++\project\yolov5\models\yolov5l.yaml", "YAML", 0, 0, 0, 0, 0, 37, 0, 0, 0, 0, 0, 0, 0, 0, 0, 0, 0, 5, 8, 50
"e:\C&C++\project\yolov5\models\yolov5m.yaml", "YAML", 0, 0, 0, 0, 0, 37, 0, 0, 0, 0, 0, 0, 0, 0, 0, 0, 0, 5, 8, 50
"e:\C&C++\project\yolov5\models\yolov5n.yaml", "YAML", 0, 0, 0, 0, 0, 37, 0, 0, 0, 0, 0, 0, 0, 0, 0, 0, 0, 5, 8, 50
"e:\C&C++\project\yolov5\models\yolov5s.yaml", "YAML", 0, 0, 0, 0, 0, 37, 0, 0, 0, 0, 0, 0, 0, 0, 0, 0, 0, 5, 8, 50
"e:\C&C++\project\yolov5\models\yolov5x.yaml", "YAML", 0, 0, 0, 0, 0, 37, 0, 0, 0, 0, 0, 0, 0, 0, 0, 0, 0, 5, 8, 50
"e:\C&C++\project\yolov5\pyproject.toml", "toml", 0, 0, 0, 0, 133, 0, 0, 0, 0, 0, 0, 0, 0, 0, 0, 0, 0, 0, 15, 148
"e:\C&C++\project\yolov5\requirements.txt", "pip requirements", 0, 0, 0, 17, 0, 0, 0, 0, 0, 0, 0, 0, 0, 0, 0, 0, 0, 26, 7, 50
"e:\C&C++\project\yolov5\segment\predict.py", "Python", 254, 0, 0, 0, 0, 0, 0, 0, 0, 0, 0, 0, 0, 0, 0, 0, 0, 20, 34, 308
"e:\C&C++\project\yolov5\segment\train.py", "Python", 613, 0, 0, 0, 0, 0, 0, 0, 0, 0, 0, 0, 0, 0, 0, 0, 0, 76, 76, 765
"e:\C&C++\project\yolov5\segment\tutorial.ipynb", "JSON", 0, 602, 0, 0, 0, 0, 0, 0, 0, 0, 0, 0, 0, 0, 0, 0, 0, 0, 1, 603
"e:\C&C++\project\yolov5\segment\val.py", "Python", 433, 0, 0, 0, 0, 0, 0, 0, 0, 0, 0, 0, 0, 0, 0, 0, 0, 32, 58, 523
"e:\C&C++\project\yolov5\train.py", "Python", 803, 0, 0, 0, 0, 0, 0, 0, 0, 0, 0, 0, 0, 0, 0, 0, 0, 78, 110, 991
"e:\C&C++\project\yolov5\tutorial.ipynb", "JSON", 0, 604, 0, 0, 0, 0, 0, 0, 0, 0, 0, 0, 0, 0, 0, 0, 0, 0, 1, 605
"e:\C&C++\project\yolov5\utils\__init__.py", "Python", 69, 0, 0, 0, 0, 0, 0, 0, 0, 0, 0, 0, 0, 0, 0, 0, 0, 2, 27, 98
"e:\C&C++\project\yolov5\utils\activations.py", "Python", 96, 0, 0, 0, 0, 0, 0, 0, 0, 0, 0, 0, 0, 0, 0, 0, 0, 5, 34, 135
"e:\C&C++\project\yolov5\utils\augmentations.py", "Python", 332, 0, 0, 0, 0, 0, 0, 0, 0, 0, 0, 0, 0, 0, 0, 0, 0, 29, 88, 449
"e:\C&C++\project\yolov5\utils\autoanchor.py", "Python", 130, 0, 0, 0, 0, 0, 0, 0, 0, 0, 0, 0, 0, 0, 0, 0, 0, 18, 28, 176
"e:\C&C++\project\yolov5\utils\autobatch.py", "Python", 48, 0, 0, 0, 0, 0, 0, 0, 0, 0, 0, 0, 0, 0, 0, 0, 0, 10, 13, 71
"e:\C&C++\project\yolov5\utils\aws\__init__.py", "Python", 0, 0, 0, 0, 0, 0, 0, 0, 0, 0, 0, 0, 0, 0, 0, 0, 0, 0, 1, 1
"e:\C&C++\project\yolov5\utils\aws\mime.sh", "Shell Script", 0, 0, 0, 0, 0, 0, 0, 0, 0, 15, 0, 0, 0, 0, 0, 0, 0, 6, 6, 27
"e:\C&C++\project\yolov5\utils\aws\resume.py", "Python", 28, 0, 0, 0, 0, 0, 0, 0, 0, 0, 0, 0, 0, 0, 0, 0, 0, 5, 9, 42
"e:\C&C++\project\yolov5\utils\aws\userdata.sh", "Shell Script", 0, 0, 0, 0, 0, 0, 0, 0, 0, 20, 0, 0, 0, 0, 0, 0, 0, 6, 2, 28
"e:\C&C++\project\yolov5\utils\callbacks.py", "Python", 61, 0, 0, 0, 0, 0, 0, 0, 0, 0, 0, 0, 0, 0, 0, 0, 0, 1, 11, 73
"e:\C&C++\project\yolov5\utils\dataloaders.py", "Python", 1140, 0, 0, 0, 0, 0, 0, 0, 0, 0, 0, 0, 0, 0, 0, 0, 0, 68, 173, 1381
"e:\C&C++\project\yolov5\utils\docker\Dockerfile", "Docker", 0, 0, 0, 0, 0, 0, 0, 0, 0, 0, 0, 0, 0, 0, 0, 16, 0, 36, 22, 74
"e:\C&C++\project\yolov5\utils\downloads.py", "Python", 110, 0, 0, 0, 0, 0, 0, 0, 0, 0, 0, 0, 0, 0, 0, 0, 0, 4, 23, 137
"e:\C&C++\project\yolov5\utils\flask_rest_api\README.md", "Markdown", 0, 0, 58, 0, 0, 0, 0, 0, 0, 0, 0, 0, 0, 0, 0, 0, 0, 0, 13, 71
"e:\C&C++\project\yolov5\utils\flask_rest_api\example_request.py", "Python", 9, 0, 0, 0, 0, 0, 0, 0, 0, 0, 0, 0, 0, 0, 0, 0, 0, 2, 7, 18
"e:\C&C++\project\yolov5\utils\flask_rest_api\restapi.py", "Python", 31, 0, 0, 0, 0, 0, 0, 0, 0, 0, 0, 0, 0, 0, 0, 0, 0, 5, 14, 50
"e:\C&C++\project\yolov5\utils\general.py", "Python", 1020, 0, 0, 0, 0, 0, 0, 0, 0, 0, 0, 0, 0, 0, 0, 0, 0, 51, 224, 1295
"e:\C&C++\project\yolov5\utils\google_app_engine\Dockerfile", "Docker", 0, 0, 0, 0, 0, 0, 0, 0, 0, 0, 0, 0, 0, 0, 0, 9, 0, 10, 7, 26
"e:\C&C++\project\yolov5\utils\google_app_engine\app.yaml", "YAML", 0, 0, 0, 0, 0, 11, 0, 0, 0, 0, 0, 0, 0, 0, 0, 0, 0, 1, 5, 17
"e:\C&C++\project\yolov5\utils\loggers\__init__.py", "Python", 391, 0, 0, 0, 0, 0, 0, 0, 0, 0, 0, 0, 0, 0, 0, 0, 0, 11, 75, 477
"e:\C&C++\project\yolov5\utils\loggers\clearml\README.md", "Markdown", 0, 0, 146, 0, 0, 0, 0, 0, 0, 0, 0, 0, 0, 0, 0, 0, 0, 0, 77, 223
"e:\C&C++\project\yolov5\utils\loggers\clearml\__init__.py", "Python", 0, 0, 0, 0, 0, 0, 0, 0, 0, 0, 0, 0, 0, 0, 0, 0, 0, 0, 1, 1
"e:\C&C++\project\yolov5\utils\loggers\clearml\clearml_utils.py", "Python", 179, 0, 0, 0, 0, 0, 0, 0, 0, 0, 0, 0, 0, 0, 0, 0, 0, 16, 36, 231
"e:\C&C++\project\yolov5\utils\loggers\clearml\hpo.py", "Python", 58, 0, 0, 0, 0, 0, 0, 0, 0, 0, 0, 0, 0, 0, 0, 0, 0, 26, 7, 91
"e:\C&C++\project\yolov5\utils\loggers\comet\README.md", "Markdown", 0, 0, 170, 0, 0, 0, 0, 0, 0, 0, 0, 0, 0, 0, 0, 0, 0, 0, 81, 251
"e:\C&C++\project\yolov5\utils\loggers\comet\__init__.py", "Python", 430, 0, 0, 0, 0, 0, 0, 0, 0, 0, 0, 0, 0, 0, 0, 0, 0, 14, 108, 552
"e:\C&C++\project\yolov5\utils\loggers\comet\comet_utils.py", "Python", 112, 0, 0, 0, 0, 0, 0, 0, 0, 0, 0, 0, 0, 0, 0, 0, 0, 3, 37, 152
"e:\C&C++\project\yolov5\utils\loggers\comet\hpo.py", "Python", 100, 0, 0, 0, 0, 0, 0, 0, 0, 0, 0, 0, 0, 0, 0, 0, 0, 4, 23, 127
"e:\C&C++\project\yolov5\utils\loggers\wandb\__init__.py", "Python", 0, 0, 0, 0, 0, 0, 0, 0, 0, 0, 0, 0, 0, 0, 0, 0, 0, 0, 1, 1
"e:\C&C++\project\yolov5\utils\loggers\wandb\wandb_utils.py", "Python", 177, 0, 0, 0, 0, 0, 0, 0, 0, 0, 0, 0, 0, 0, 0, 0, 0, 6, 30, 213
"e:\C&C++\project\yolov5\utils\loss.py", "Python", 189, 0, 0, 0, 0, 0, 0, 0, 0, 0, 0, 0, 0, 0, 0, 0, 0, 24, 47, 260
"e:\C&C++\project\yolov5\utils\metrics.py", "Python", 284, 0, 0, 0, 0, 0, 0, 0, 0, 0, 0, 0, 0, 0, 0, 0, 0, 29, 69, 382
"e:\C&C++\project\yolov5\utils\plots.py", "Python", 430, 0, 0, 0, 0, 0, 0, 0, 0, 0, 0, 0, 0, 0, 0, 0, 0, 17, 71, 518
"e:\C&C++\project\yolov5\utils\segment\__init__.py", "Python", 0, 0, 0, 0, 0, 0, 0, 0, 0, 0, 0, 0, 0, 0, 0, 0, 0, 0, 1, 1
"e:\C&C++\project\yolov5\utils\segment\augmentations.py", "Python", 62, 0, 0, 0, 0, 0, 0, 0, 0, 0, 0, 0, 0, 0, 0, 0, 0, 19, 20, 101
"e:\C&C++\project\yolov5\utils\segment\dataloaders.py", "Python", 302, 0, 0, 0, 0, 0, 0, 0, 0, 0, 0, 0, 0, 0, 0, 0, 0, 23, 42, 367
"e:\C&C++\project\yolov5\utils\segment\general.py", "Python", 126, 0, 0, 0, 0, 0, 0, 0, 0, 0, 0, 0, 0, 0, 0, 0, 0, 5, 30, 161
"e:\C&C++\project\yolov5\utils\segment\loss.py", "Python", 154, 0, 0, 0, 0, 0, 0, 0, 0, 0, 0, 0, 0, 0, 0, 0, 0, 16, 29, 199
"e:\C&C++\project\yolov5\utils\segment\metrics.py", "Python", 188, 0, 0, 0, 0, 0, 0, 0, 0, 0, 0, 0, 0, 0, 0, 0, 0, 1, 37, 226
"e:\C&C++\project\yolov5\utils\segment\plots.py", "Python", 126, 0, 0, 0, 0, 0, 0, 0, 0, 0, 0, 0, 0, 0, 0, 0, 0, 10, 17, 153
"e:\C&C++\project\yolov5\utils\torch_utils.py", "Python", 398, 0, 0, 0, 0, 0, 0, 0, 0, 0, 0, 0, 0, 0, 0, 0, 0, 6, 79, 483
"e:\C&C++\project\yolov5\utils\triton.py", "Python", 72, 0, 0, 0, 0, 0, 0, 0, 0, 0, 0, 0, 0, 0, 0, 0, 0, 1, 18, 91
"e:\C&C++\project\yolov5\val.py", "Python", 510, 0, 0, 0, 0, 0, 0, 0, 0, 0, 0, 0, 0, 0, 0, 0, 0, 25, 70, 605
"e:\C&C++\project\yolov5s.pt", "XML", 0, 0, 0, 0, 0, 0, 0, 0, 0, 0, 0, 0, 0, 0, 0, 0, 92910, 0, 366, 93276
"Total", "-", 14831, 2694, 1111, 17, 133, 5120, 40590, 57789, 27, 166, 3220, 18, 5, 114, 509, 25, 268004, 90175, 31843, 516391